xch1lrpr9m2m5a6zdhu9zvuj28zyhmh4d489sljxfmhuvhjuepau8vksw4ccyf,BSH,10000000000
xch1zh77wu7etnrlkdahqj5enx98aczsnxqrpdcp0hldmm2g2qzsq38q7andw4,BSH,10000000000
xch14969pksz4wpmdqsxu6dh888z0awxzlkx6rpn09w6yk73qymvafasxykamt,BSH,10000000000
xch1gr8yrjtw5kd300gxkua2m0jz2w3lk0gwhfq6rh9c8jsjleafaqyspyss7w,BSH,5000000000
xch1tfv7242cz4xhqraf7gps8a4f3jrneees92th70kthn3zp2ct883s9ychu3,BSH,10000000000
xch19jjt94z9smkm2sal995jt8afujm47x7tfep75a2au3h9v7x4maeqmlrt4k,BSH,1000000000
xch1n2awxmszy3cmetp33pufll9eekfth0f0s9m4535t0z5xm0065slqnp44gw,BSH,2500000000
xch17p26k6v57zpsnn2xex7guu7eg3tw6ucat89e7qgtqx0t3yvzjzxs2n3pdd,BSH,401000000
xch1qnfcm96lck7sl50ghlphs0hwyfau7ax944dyy9936nkfcrf8s47q23muap,BSH,1000000
xch1szyyj7ygxtqs93t86xz2x3p38nh0ga6str5a6v03prq9r70gdm0s7p63ps,BSH,8000
